교재 정보,,,,"구간 별 총 합산 이용료 (연간, 부가세 포함)",,,,,,,"구간 전환시 라이선스 추가 납부 비용 (연간, 부가세 포함)",,,,,,
교재 ID,구분,교재명,출판사명,"구간 1
(자료 등록 시)","구간 2
(6-99명)","구간 3
(100-499명)","구간 4
(500-999명)","구간 5
(1000-2999명)","구간 6
(3000-4999명)","구간 7
(5000명 이상)","구간 1
(자료 등록 시)","구간 2
(이용자 수 5명 초과 시)","구간 3
(이용자 수 100명 초과 시)","구간 4
(이용자 수 500명 초과 시)","구간 5
(이용자 수 1,000명 초과 시)","구간 6
(이용자 수 3,000명 초과 시)","구간 7
(이용자 수 5,000명 초과 시)"
3011714941360014819,교과서,[15개정][YBM] 중학 영어 3 (박준언),YBM,"18,333","55,000","110,000","183,333","275,000","550,000","1,100,000","18,333","36,667","55,000","73,333","91,667","275,000","550,000"
3011714941888497124,교과서,[15개정][YBM] 중학 영어 3 (송미정),YBM,"18,333","55,000","110,000","183,333","275,000","550,000","1,100,000","18,333","36,667","55,000","73,333","91,667","275,000","550,000"
3540088284933785171,교과서,[22개정][YBM] 고등 영어 Ⅰ (박준언),YBM,"47,667","143,000","286,000","476,667","715,000","1,430,000","2,860,000","47,667","95,333","143,000","190,667","238,333","715,000","1,430,000"
3540088284933785172,교과서,[22개정][YBM] 고등 영어 Ⅱ (박준언),YBM,"44,000","132,000","264,000","440,000","660,000","1,320,000","2,640,000","44,000","88,000","132,000","176,000","220,000","660,000","1,320,000"
3540088284933785167,교과서,[22개정][YBM] 공통영어 1 (김은형),YBM,"25,667","77,000","154,000","256,667","385,000","770,000","1,540,000","25,667","51,333","77,000","102,667","128,333","385,000","770,000"
3540088284933785169,교과서,[22개정][YBM] 공통영어 1 (박준언),YBM,"36,667","110,000","220,000","366,667","550,000","1,100,000","2,200,000","36,667","73,333","110,000","146,667","183,333","550,000","1,100,000"
3540088284933785168,교과서,[22개정][YBM] 공통영어 2 (김은형),YBM,"25,667","77,000","154,000","256,667","385,000","770,000","1,540,000","25,667","51,333","77,000","102,667","128,333","385,000","770,000"
3540088284933785170,교과서,[22개정][YBM] 공통영어 2 (박준언),YBM,"36,667","110,000","220,000","366,667","550,000","1,100,000","2,200,000","36,667","73,333","110,000","146,667","183,333","550,000","1,100,000"
3540088284933785173,교과서,[22개정][YBM] 영어 독해와 작문 (김은형),YBM,"18,333","55,000","110,000","183,333","275,000","550,000","1,100,000","18,333","36,667","55,000","73,333","91,667","275,000","550,000"
3540088284942173790,교과서,[22개정][YBM] 중학 영어 1 (김은형),YBM,"18,333","55,000","110,000","183,333","275,000","550,000","1,100,000","18,333","36,667","55,000","73,333","91,667","275,000","550,000"
3540088284942173789,교과서,[22개정][YBM] 중학 영어 1 (박준언),YBM,"22,000","66,000","132,000","220,000","330,000","660,000","1,320,000","22,000","44,000","66,000","88,000","110,000","330,000","660,000"
3743043444126254931,교과서,[22개정][YBM] 중학 영어 2 (김은형),YBM,"18,333","55,000","110,000","183,333","275,000","550,000","1,100,000","18,333","36,667","55,000","73,333","91,667","275,000","550,000"
3743043444134643540,교과서,[22개정][YBM] 중학 영어 2 (박준언),YBM,"22,000","66,000","132,000","220,000","330,000","660,000","1,320,000","22,000","44,000","66,000","88,000","110,000","330,000","660,000"
3011185487990752705,참고서,빈출어람,YBM,"11,000","33,000","66,000","110,000","165,000","330,000","660,000","11,000","22,000","33,000","44,000","55,000","165,000","330,000"
3011185488888333766,참고서,수직상승 고등 영문법,YBM,"7,333","22,000","44,000","73,333","110,000","220,000","440,000","7,333","14,667","22,000","29,333","36,667","110,000","220,000"
3011184453583112146,참고서,수직상승 빈출구문,YBM,"7,333","22,000","44,000","73,333","110,000","220,000","440,000","7,333","14,667","22,000","29,333","36,667","110,000","220,000"
3011184453742495699,참고서,수직상승 빈출어법,YBM,"7,333","22,000","44,000","73,333","110,000","220,000","440,000","7,333","14,667","22,000","29,333","36,667","110,000","220,000"
3011184453063018447,참고서,초간단 수능영어 구문편 기본,YBM,"7,333","22,000","44,000","73,333","110,000","220,000","440,000","7,333","14,667","22,000","29,333","36,667","110,000","220,000"
3011184451913779145,참고서,초간단 수능영어 구문편 실전,YBM,"7,333","22,000","44,000","73,333","110,000","220,000","440,000","7,333","14,667","22,000","29,333","36,667","110,000","220,000"
3011184452584867788,참고서,초간단 수능영어 구문편 입문,YBM,"7,333","22,000","44,000","73,333","110,000","220,000","440,000","7,333","14,667","22,000","29,333","36,667","110,000","220,000"
3011184453272733648,참고서,초간단 수능영어 문법편 기본,YBM,"7,333","22,000","44,000","73,333","110,000","220,000","440,000","7,333","14,667","22,000","29,333","36,667","110,000","220,000"
3011184452056385482,참고서,초간단 수능영어 문법편 실전,YBM,"7,333","22,000","44,000","73,333","110,000","220,000","440,000","7,333","14,667","22,000","29,333","36,667","110,000","220,000"
3011184452425484235,참고서,초간단 수능영어 문법편 입문,YBM,"7,333","22,000","44,000","73,333","110,000","220,000","440,000","7,333","14,667","22,000","29,333","36,667","110,000","220,000"
3011184451771172808,참고서,초간단 수능영어 유형편 기본,YBM,"7,333","22,000","44,000","73,333","110,000","220,000","440,000","7,333","14,667","22,000","29,333","36,667","110,000","220,000"
3011184452752639949,참고서,초간단 수능영어 유형편 실전,YBM,"7,333","22,000","44,000","73,333","110,000","220,000","440,000","7,333","14,667","22,000","29,333","36,667","110,000","220,000"
3011184452920412110,참고서,초간단 수능영어 유형편 입문,YBM,"7,333","22,000","44,000","73,333","110,000","220,000","440,000","7,333","14,667","22,000","29,333","36,667","110,000","220,000"
3824197664191284865,참고서,Booster VOCA 기본(2025),YBM,"14,667","44,000","88,000","146,667","220,000","440,000","880,000","14,667","29,333","44,000","58,667","73,333","220,000","440,000"
3824197664417777282,참고서,Booster VOCA 실력(2025),YBM,"14,667","44,000","88,000","146,667","220,000","440,000","880,000","14,667","29,333","44,000","58,667","73,333","220,000","440,000"
3824197664426165891,참고서,Booster VOCA 완성(2025),YBM,"14,667","44,000","88,000","146,667","220,000","440,000","880,000","14,667","29,333","44,000","58,667","73,333","220,000","440,000"
3011185968708322851,참고서,Booster(부스터) 구문독해 (2022),YBM,"7,333","22,000","44,000","73,333","110,000","220,000","440,000","7,333","14,667","22,000","29,333","36,667","110,000","220,000"
3053019596035458268,참고서,Booster(부스터) 어법어휘 (2022),YBM,"7,333","22,000","44,000","73,333","110,000","220,000","440,000","7,333","14,667","22,000","29,333","36,667","110,000","220,000"
3011185968381167138,참고서,Booster(부스터) 유형독해 (2022),YBM,"7,333","22,000","44,000","73,333","110,000","220,000","440,000","7,333","14,667","22,000","29,333","36,667","110,000","220,000"
3824197664442943108,참고서,I LOVE GRAMMAR Level 1 (2025),YBM,"14,667","44,000","88,000","146,667","220,000","440,000","880,000","14,667","29,333","44,000","58,667","73,333","220,000","440,000"
3824197664451331717,참고서,I LOVE GRAMMAR Level 2 (2025),YBM,"14,667","44,000","88,000","146,667","220,000","440,000","880,000","14,667","29,333","44,000","58,667","73,333","220,000","440,000"
3824197664451331718,참고서,I LOVE GRAMMAR Level 3 (2025),YBM,"14,667","44,000","88,000","146,667","220,000","440,000","880,000","14,667","29,333","44,000","58,667","73,333","220,000","440,000"
3824197664451331719,참고서,I LOVE READING Level 1 (2025),YBM,"14,667","44,000","88,000","146,667","220,000","440,000","880,000","14,667","29,333","44,000","58,667","73,333","220,000","440,000"
3824197664459720328,참고서,I LOVE READING Level 2 (2025),YBM,"14,667","44,000","88,000","146,667","220,000","440,000","880,000","14,667","29,333","44,000","58,667","73,333","220,000","440,000"
3824197664459720329,참고서,I LOVE READING Level 3 (2025),YBM,"14,667","44,000","88,000","146,667","220,000","440,000","880,000","14,667","29,333","44,000","58,667","73,333","220,000","440,000"
3824197664459720330,참고서,READING BOOSTER 영어독해 모의고사 10+2회 기본(2025),YBM,"14,667","44,000","88,000","146,667","220,000","440,000","880,000","14,667","29,333","44,000","58,667","73,333","220,000","440,000"
3824197664459720331,참고서,READING BOOSTER 영어독해 모의고사 15회(2025),YBM,"14,667","44,000","88,000","146,667","220,000","440,000","880,000","14,667","29,333","44,000","58,667","73,333","220,000","440,000"
3824197664459720332,참고서,Reading Prime 1 (2024),YBM,"14,667","44,000","88,000","146,667","220,000","440,000","880,000","14,667","29,333","44,000","58,667","73,333","220,000","440,000"
3824197664459720333,참고서,Reading Prime 2 (2024),YBM,"14,667","44,000","88,000","146,667","220,000","440,000","880,000","14,667","29,333","44,000","58,667","73,333","220,000","440,000"
3824197664468108942,참고서,Reading Prime 3 (2024),YBM,"14,667","44,000","88,000","146,667","220,000","440,000","880,000","14,667","29,333","44,000","58,667","73,333","220,000","440,000"
3824197664468108943,참고서,Reading Prime 4 (2024),YBM,"14,667","44,000","88,000","146,667","220,000","440,000","880,000","14,667","29,333","44,000","58,667","73,333","220,000","440,000"
3824197664468108944,참고서,Reading Prime 5 (2024),YBM,"14,667","44,000","88,000","146,667","220,000","440,000","880,000","14,667","29,333","44,000","58,667","73,333","220,000","440,000"
3824197664468108945,참고서,Reading Prime 6 (2024),YBM,"14,667","44,000","88,000","146,667","220,000","440,000","880,000","14,667","29,333","44,000","58,667","73,333","220,000","440,000"
3011242260999177861,교과서,[15개정][NE능률] 영어권 문화 (김정렬),NE능률,"11,000","33,000","66,000","110,000","165,000","330,000","660,000","11,000","22,000","33,000","44,000","55,000","165,000","330,000"
3011185176739841085,교과서,[15개정][NE능률] 진로 영어 (김정렬),NE능률,"3,667","11,000","22,000","36,667","55,000","110,000","220,000","3,667","7,333","11,000","14,667","18,333","55,000","110,000"
3011714940235941345,교과서,[15개정][NE능률] 중학 영어 3 (김성곤),NE능률,"11,000","33,000","66,000","110,000","165,000","330,000","660,000","11,000","22,000","33,000","44,000","55,000","165,000","330,000"
3011714940823143906,교과서,[15개정][NE능률] 중학 영어 3 (양현권),NE능률,"3,667","11,000","22,000","36,667","55,000","110,000","220,000","3,667","7,333","11,000","14,667","18,333","55,000","110,000"
3540088284925396556,교과서,[22개정][NE능률] 고등 영어 Ⅰ (오선영),NE능률,"146,667","440,000","880,000","1,466,667","2,200,000","4,400,000","8,800,000","146,667","293,333","440,000","586,667","733,333","2,200,000","4,400,000"
3540088284925396557,교과서,[22개정][NE능률] 고등 영어 Ⅱ (오선영),NE능률,"146,667","440,000","880,000","1,466,667","2,200,000","4,400,000","8,800,000","146,667","293,333","440,000","586,667","733,333","2,200,000","4,400,000"
3537114323186877976,교과서,[22개정][NE능률] 공통영어 1 (민병천),NE능률,"73,333","220,000","440,000","733,333","1,100,000","2,200,000","4,400,000","73,333","146,667","220,000","293,333","366,667","1,100,000","2,200,000"
3537114323220432410,교과서,[22개정][NE능률] 공통영어 1 (오선영),NE능률,"36,667","110,000","220,000","366,667","550,000","1,100,000","2,200,000","36,667","73,333","110,000","146,667","183,333","550,000","1,100,000"
3537114323220432409,교과서,[22개정][NE능률] 공통영어 2 (민병천),NE능률,"73,333","220,000","440,000","733,333","1,100,000","2,200,000","4,400,000","73,333","146,667","220,000","293,333","366,667","1,100,000","2,200,000"
3537114323220432411,교과서,[22개정][NE능률] 공통영어 2 (오선영),NE능률,"36,667","110,000","220,000","366,667","550,000","1,100,000","2,200,000","36,667","73,333","110,000","146,667","183,333","550,000","1,100,000"
3540088284925396558,교과서,[22개정][NE능률] 영어 독해와 작문 (민병천),NE능률,"110,000","330,000","660,000","1,100,000","1,650,000","3,300,000","6,600,000","110,000","220,000","330,000","440,000","550,000","1,650,000","3,300,000"
3540088284942173791,교과서,[22개정][NE능률] 중학 영어 1 (김기택),NE능률,"33,000","99,000","198,000","330,000","495,000","990,000","1,980,000","33,000","66,000","99,000","132,000","165,000","495,000","990,000"
3743043444126254930,교과서,[22개정][NE능률] 중학 영어 2 (김기택),NE능률,"33,000","99,000","198,000","330,000","495,000","990,000","1,980,000","33,000","66,000","99,000","132,000","165,000","495,000","990,000"
3011183197942711885,참고서,기강잡고 고등 영어 기초 잡는 유형 독해,NE능률,"7,333","22,000","44,000","73,333","110,000","220,000","440,000","7,333","14,667","22,000","29,333","36,667","110,000","220,000"
3011183198102095438,참고서,기강잡고 고등 영어 독해 잡는 필수 문법,NE능률,"7,333","22,000","44,000","73,333","110,000","220,000","440,000","7,333","14,667","22,000","29,333","36,667","110,000","220,000"
3011183183992456739,참고서,능률 고급 영문독해,NE능률,"7,333","22,000","44,000","73,333","110,000","220,000","440,000","7,333","14,667","22,000","29,333","36,667","110,000","220,000"
3011183190543959609,참고서,능률 고등 기본영어,NE능률,"7,333","22,000","44,000","73,333","110,000","220,000","440,000","7,333","14,667","22,000","29,333","36,667","110,000","220,000"
3011184307646498188,참고서,능률 특급 독해유형별 모의고사,NE능률,"7,333","22,000","44,000","73,333","110,000","220,000","440,000","7,333","14,667","22,000","29,333","36,667","110,000","220,000"
3011184307436782987,참고서,능률 특급 빈칸추론 (수능 1등급 만드는 실전 모의고사),NE능률,"7,333","22,000","44,000","73,333","110,000","220,000","440,000","7,333","14,667","22,000","29,333","36,667","110,000","220,000"
3011184307310953866,참고서,능률 특급 어법,NE능률,"7,333","22,000","44,000","73,333","110,000","220,000","440,000","7,333","14,667","22,000","29,333","36,667","110,000","220,000"
3035076686937851452,참고서,능률 VOCA 고교필수 2000,NE능률,"7,333","22,000","44,000","73,333","110,000","220,000","440,000","7,333","14,667","22,000","29,333","36,667","110,000","220,000"
3846808895716591023,참고서,능률 VOCA 고등 기본,NE능률,"18,333","55,000","110,000","183,333","275,000","550,000","1,100,000","18,333","36,667","55,000","73,333","91,667","275,000","550,000"
3846809721373722032,참고서,능률 VOCA 수능 고난도,NE능률,"18,333","55,000","110,000","183,333","275,000","550,000","1,100,000","18,333","36,667","55,000","73,333","91,667","275,000","550,000"
3846810247079396785,참고서,능률 VOCA 수능 필수,NE능률,"18,333","55,000","110,000","183,333","275,000","550,000","1,100,000","18,333","36,667","55,000","73,333","91,667","275,000","550,000"
3011185337071306445,참고서,능률 VOCA 어원편,NE능률,"11,000","33,000","66,000","110,000","165,000","330,000","660,000","11,000","22,000","33,000","44,000","55,000","165,000","330,000"
3846810983171360178,참고서,능률 VOCA 어원편 고등,NE능률,"18,333","55,000","110,000","183,333","275,000","550,000","1,100,000","18,333","36,667","55,000","73,333","91,667","275,000","550,000"
3846811406183695795,참고서,능률 VOCA 어원편 중등,NE능률,"18,333","55,000","110,000","183,333","275,000","550,000","1,100,000","18,333","36,667","55,000","73,333","91,667","275,000","550,000"
3846805609445852587,참고서,능률 VOCA 중등 고난도,NE능률,"18,333","55,000","110,000","183,333","275,000","550,000","1,100,000","18,333","36,667","55,000","73,333","91,667","275,000","550,000"
3846806280811316652,참고서,능률 VOCA 중등 기본,NE능률,"18,333","55,000","110,000","183,333","275,000","550,000","1,100,000","18,333","36,667","55,000","73,333","91,667","275,000","550,000"
3846806769724556717,참고서,능률 VOCA 중등 숙어,NE능률,"18,333","55,000","110,000","183,333","275,000","550,000","1,100,000","18,333","36,667","55,000","73,333","91,667","275,000","550,000"
3846807165817849262,참고서,능률 VOCA 중등 필수,NE능률,"18,333","55,000","110,000","183,333","275,000","550,000","1,100,000","18,333","36,667","55,000","73,333","91,667","275,000","550,000"
3846804260398302633,참고서,능률 VOCA 초등 기본,NE능률,"18,333","55,000","110,000","183,333","275,000","550,000","1,100,000","18,333","36,667","55,000","73,333","91,667","275,000","550,000"
3846805152098944426,참고서,능률 VOCA 초등 필수,NE능률,"18,333","55,000","110,000","183,333","275,000","550,000","1,100,000","18,333","36,667","55,000","73,333","91,667","275,000","550,000"
3035077323616421437,참고서,능률VOCA 수능완성 2200,NE능률,"7,333","22,000","44,000","73,333","110,000","220,000","440,000","7,333","14,667","22,000","29,333","36,667","110,000","220,000"
3846797149526295968,참고서,다빈출코드 학평기출문제집 영어영역 고1 독해(2026),NE능률,"11,000","33,000","66,000","110,000","165,000","330,000","660,000","11,000","22,000","33,000","44,000","55,000","165,000","330,000"
3846797670014256545,참고서,다빈출코드 학평기출문제집 영어영역 고2 독해(2026),NE능률,"11,000","33,000","66,000","110,000","165,000","330,000","660,000","11,000","22,000","33,000","44,000","55,000","165,000","330,000"
3846798379321394594,참고서,다빈출코드 학평기출문제집 영어영역 어법·어휘(2026),NE능률,"11,000","33,000","66,000","110,000","165,000","330,000","660,000","11,000","22,000","33,000","44,000","55,000","165,000","330,000"
3707558989685327405,참고서,리딩튜터 챌린저 1,NE능률,"11,000","33,000","66,000","110,000","165,000","330,000","660,000","11,000","22,000","33,000","44,000","55,000","165,000","330,000"
3707558989895042606,참고서,리딩튜터 챌린저 2,NE능률,"11,000","33,000","66,000","110,000","165,000","330,000","660,000","11,000","22,000","33,000","44,000","55,000","165,000","330,000"
3707558989895042607,참고서,리딩튜터 챌린저 3,NE능률,"11,000","33,000","66,000","110,000","165,000","330,000","660,000","11,000","22,000","33,000","44,000","55,000","165,000","330,000"
3011185367496787835,참고서,맞수 구문독해 기본편,NE능률,"7,333","22,000","44,000","73,333","110,000","220,000","440,000","7,333","14,667","22,000","29,333","36,667","110,000","220,000"
3011185367790389116,참고서,맞수 구문독해 실전편,NE능률,"7,333","22,000","44,000","73,333","110,000","220,000","440,000","7,333","14,667","22,000","29,333","36,667","110,000","220,000"
3011185368042047357,참고서,맞수 빈칸추론,NE능률,"7,333","22,000","44,000","73,333","110,000","220,000","440,000","7,333","14,667","22,000","29,333","36,667","110,000","220,000"
3011185368604084096,참고서,맞수 수능문법어법 기본편,NE능률,"7,333","22,000","44,000","73,333","110,000","220,000","440,000","7,333","14,667","22,000","29,333","36,667","110,000","220,000"
3011185368746690433,참고서,맞수 수능문법어법 실전편,NE능률,"7,333","22,000","44,000","73,333","110,000","220,000","440,000","7,333","14,667","22,000","29,333","36,667","110,000","220,000"
3011185368897685378,참고서,맞수 수능유형 기본편,NE능률,"7,333","22,000","44,000","73,333","110,000","220,000","440,000","7,333","14,667","22,000","29,333","36,667","110,000","220,000"
3011185369031903107,참고서,맞수 수능유형 실전편,NE능률,"7,333","22,000","44,000","73,333","110,000","220,000","440,000","7,333","14,667","22,000","29,333","36,667","110,000","220,000"
3846812945442932152,참고서,문제로 마스터하는 고등영문법(2025),NE능률,"18,333","55,000","110,000","183,333","275,000","550,000","1,100,000","18,333","36,667","55,000","73,333","91,667","275,000","550,000"
3846811834866730420,참고서,문제로 마스터하는 중학영문법 LEVEL 1(2025),NE능률,"18,333","55,000","110,000","183,333","275,000","550,000","1,100,000","18,333","36,667","55,000","73,333","91,667","275,000","550,000"
3846812121882953141,참고서,문제로 마스터하는 중학영문법 LEVEL 2(2025),NE능률,"18,333","55,000","110,000","183,333","275,000","550,000","1,100,000","18,333","36,667","55,000","73,333","91,667","275,000","550,000"
3846812590537704887,참고서,문제로 마스터하는 중학영문법 LEVEL 3(2025),NE능률,"18,333","55,000","110,000","183,333","275,000","550,000","1,100,000","18,333","36,667","55,000","73,333","91,667","275,000","550,000"
3466346062988444700,참고서,빠른독해 바른독해 구문독해(2024),NE능률,"11,000","33,000","66,000","110,000","165,000","330,000","660,000","11,000","22,000","33,000","44,000","55,000","165,000","330,000"
3466346062980056091,참고서,빠른독해 바른독해 기초세우기(2024),NE능률,"11,000","33,000","66,000","110,000","165,000","330,000","660,000","11,000","22,000","33,000","44,000","55,000","165,000","330,000"
3537198077632841248,참고서,빠른독해 바른독해 수능실전(2024),NE능률,"11,000","33,000","66,000","110,000","165,000","330,000","660,000","11,000","22,000","33,000","44,000","55,000","165,000","330,000"
3537198077456680479,참고서,빠른독해 바른독해 유형독해(2024),NE능률,"11,000","33,000","66,000","110,000","165,000","330,000","660,000","11,000","22,000","33,000","44,000","55,000","165,000","330,000"
3866250673406346724,참고서,수능 1 Up 간접연계 소재편(2026),NE능률,"18,333","55,000","110,000","183,333","275,000","550,000","1,100,000","18,333","36,667","55,000","73,333","91,667","275,000","550,000"
3866252402382341605,참고서,수능 1 Up 빈순삽함 유형편(2026),NE능률,"18,333","55,000","110,000","183,333","275,000","550,000","1,100,000","18,333","36,667","55,000","73,333","91,667","275,000","550,000"
3011185366288828275,참고서,수능 구문 빅데이터(기본편)(2021),NE능률,"7,333","22,000","44,000","73,333","110,000","220,000","440,000","7,333","14,667","22,000","29,333","36,667","110,000","220,000"
3011185366389491572,참고서,수능 구문 빅데이터(수능빈출편)(2021),NE능률,"7,333","22,000","44,000","73,333","110,000","220,000","440,000","7,333","14,667","22,000","29,333","36,667","110,000","220,000"
3011184299182392687,참고서,수능만만 기본 문법·어법·어휘 150제,NE능률,"7,333","22,000","44,000","73,333","110,000","220,000","440,000","7,333","14,667","22,000","29,333","36,667","110,000","220,000"
3011185960890140174,참고서,수능만만 영어 어법 어휘 228제(2022),NE능률,"7,333","22,000","44,000","73,333","110,000","220,000","440,000","7,333","14,667","22,000","29,333","36,667","110,000","220,000"
3011184294157616472,참고서,수능만만 영어독해 20회,NE능률,"7,333","22,000","44,000","73,333","110,000","220,000","440,000","7,333","14,667","22,000","29,333","36,667","110,000","220,000"
3011184301237601648,참고서,수능만만 영어독해 기본 10+1회,NE능률,"7,333","22,000","44,000","73,333","110,000","220,000","440,000","7,333","14,667","22,000","29,333","36,667","110,000","220,000"
3011185968221783585,참고서,수능유형 픽 PICK 독해 기본 (2023),NE능률,"7,333","22,000","44,000","73,333","110,000","220,000","440,000","7,333","14,667","22,000","29,333","36,667","110,000","220,000"
3011185966812497440,참고서,수능유형 픽 PICK 독해 실력 (2023),NE능률,"7,333","22,000","44,000","73,333","110,000","220,000","440,000","7,333","14,667","22,000","29,333","36,667","110,000","220,000"
3011184311916299672,참고서,얇고 빠른 수능 독해 기본 미니 모의고사 10+2회,NE능률,"7,333","22,000","44,000","73,333","110,000","220,000","440,000","7,333","14,667","22,000","29,333","36,667","110,000","220,000"
3011184312092460441,참고서,얇고 빠른 수능 독해 실전 미니 모의고사 10+2회,NE능률,"7,333","22,000","44,000","73,333","110,000","220,000","440,000","7,333","14,667","22,000","29,333","36,667","110,000","220,000"
3011184311740138903,참고서,얇고 빠른 수능 독해 입문 미니 모의고사 10+2회,NE능률,"7,333","22,000","44,000","73,333","110,000","220,000","440,000","7,333","14,667","22,000","29,333","36,667","110,000","220,000"
3011184298855236973,참고서,올클 수능 어법 완성 (시험에 꼭 나오는 수능 어법 총정리),NE능률,"7,333","22,000","44,000","73,333","110,000","220,000","440,000","7,333","14,667","22,000","29,333","36,667","110,000","220,000"
3011184295306855775,참고서,올클 수능 어법 Start,NE능률,"7,333","22,000","44,000","73,333","110,000","220,000","440,000","7,333","14,667","22,000","29,333","36,667","110,000","220,000"
3011185363453478752,참고서,천문장 기본,NE능률,"7,333","22,000","44,000","73,333","110,000","220,000","440,000","7,333","14,667","22,000","29,333","36,667","110,000","220,000"
3011185363629639521,참고서,천문장 완성,NE능률,"7,333","22,000","44,000","73,333","110,000","220,000","440,000","7,333","14,667","22,000","29,333","36,667","110,000","220,000"
3011185363310872415,참고서,천문장 입문,NE능률,"7,333","22,000","44,000","73,333","110,000","220,000","440,000","7,333","14,667","22,000","29,333","36,667","110,000","220,000"
3011185354444113705,참고서,첫번째 수능영어 기초편,NE능률,"7,333","22,000","44,000","73,333","110,000","220,000","440,000","7,333","14,667","22,000","29,333","36,667","110,000","220,000"
3011185354569942826,참고서,첫번째 수능영어 실전편,NE능률,"7,333","22,000","44,000","73,333","110,000","220,000","440,000","7,333","14,667","22,000","29,333","36,667","110,000","220,000"
3011185354704160555,참고서,첫번째 수능영어 유형편,NE능률,"7,333","22,000","44,000","73,333","110,000","220,000","440,000","7,333","14,667","22,000","29,333","36,667","110,000","220,000"
3011185957006214657,참고서,특급 수능ㆍEBS 기출 VOCA,NE능률,"11,000","33,000","66,000","110,000","165,000","330,000","660,000","11,000","22,000","33,000","44,000","55,000","165,000","330,000"
3011185366506932085,참고서,필히 통하는 고등 영문법 기본편,NE능률,"7,333","22,000","44,000","73,333","110,000","220,000","440,000","7,333","14,667","22,000","29,333","36,667","110,000","220,000"
3011185366632761206,참고서,필히 통하는 고등 영문법 실력편,NE능률,"7,333","22,000","44,000","73,333","110,000","220,000","440,000","7,333","14,667","22,000","29,333","36,667","110,000","220,000"
3011185365298972525,참고서,Advanced Reading Expert 1,NE능률,"7,333","22,000","44,000","73,333","110,000","220,000","440,000","7,333","14,667","22,000","29,333","36,667","110,000","220,000"
3011185365416413038,참고서,Advanced Reading Expert 2,NE능률,"7,333","22,000","44,000","73,333","110,000","220,000","440,000","7,333","14,667","22,000","29,333","36,667","110,000","220,000"
3846813309214918073,참고서,Grammar Zone(그래머존) 고등 기본,NE능률,"18,333","55,000","110,000","183,333","275,000","550,000","1,100,000","18,333","36,667","55,000","73,333","91,667","275,000","550,000"
3846813662878631354,참고서,Grammar Zone(그래머존) 고등 필수,NE능률,"18,333","55,000","110,000","183,333","275,000","550,000","1,100,000","18,333","36,667","55,000","73,333","91,667","275,000","550,000"
3846814121550939579,참고서,Grammar Zone(그래머존) 중등 기본,NE능률,"18,333","55,000","110,000","183,333","275,000","550,000","1,100,000","18,333","36,667","55,000","73,333","91,667","275,000","550,000"
3846814470508643773,참고서,Grammar Zone(그래머존) 중등 필수,NE능률,"18,333","55,000","110,000","183,333","275,000","550,000","1,100,000","18,333","36,667","55,000","73,333","91,667","275,000","550,000"
3846814900374472126,참고서,Grammar Zone(그래머존) Complete,NE능률,"18,333","55,000","110,000","183,333","275,000","550,000","1,100,000","18,333","36,667","55,000","73,333","91,667","275,000","550,000"
3011185365533853551,참고서,Reading Expert 1(리딩 엑스퍼트),NE능률,"7,333","22,000","44,000","73,333","110,000","220,000","440,000","7,333","14,667","22,000","29,333","36,667","110,000","220,000"
3011185365701625712,참고서,Reading Expert 2(리딩 엑스퍼트),NE능률,"7,333","22,000","44,000","73,333","110,000","220,000","440,000","7,333","14,667","22,000","29,333","36,667","110,000","220,000"
3011185365902952305,참고서,Reading Expert 3(리딩 엑스퍼트),NE능률,"7,333","22,000","44,000","73,333","110,000","220,000","440,000","7,333","14,667","22,000","29,333","36,667","110,000","220,000"
3011185366045558642,참고서,Reading Expert 4(리딩 엑스퍼트),NE능률,"7,333","22,000","44,000","73,333","110,000","220,000","440,000","7,333","14,667","22,000","29,333","36,667","110,000","220,000"
3011185961166964239,참고서,Reading Expert 5 (리딩 엑스퍼트),NE능률,"7,333","22,000","44,000","73,333","110,000","220,000","440,000","7,333","14,667","22,000","29,333","36,667","110,000","220,000"
3237063793494198188,참고서,The 더 상승 구문편(2024),NE능률,"7,333","22,000","44,000","73,333","110,000","220,000","440,000","7,333","14,667","22,000","29,333","36,667","110,000","220,000"
3237063799265560493,참고서,The 더 상승 문법독해편(2024),NE능률,"7,333","22,000","44,000","73,333","110,000","220,000","440,000","7,333","14,667","22,000","29,333","36,667","110,000","220,000"
3237063811487762351,참고서,The 더 상승 수능유형편(2024),NE능률,"7,333","22,000","44,000","73,333","110,000","220,000","440,000","7,333","14,667","22,000","29,333","36,667","110,000","220,000"
3327676941921682686,참고서,The 더 상승 어법 어휘 + 유형편(2024),NE능률,"7,333","22,000","44,000","73,333","110,000","220,000","440,000","7,333","14,667","22,000","29,333","36,667","110,000","220,000"
3237063805464741806,참고서,The 더 상승 직독직해편(2024),NE능률,"7,333","22,000","44,000","73,333","110,000","220,000","440,000","7,333","14,667","22,000","29,333","36,667","110,000","220,000"
3498687604864321370,참고서,리딩튜터 스타터 1(2024),NE능률,"11,000","22,000","33,000","44,000","55,000","165,000","330,000","11,000","33,000","66,000","110,000","165,000","330,000","660,000"
3498687605216642908,참고서,리딩튜터 스타터 3(2024),NE능률,"11,000","22,000","33,000","44,000","55,000","165,000","330,000","11,000","33,000","66,000","110,000","165,000","330,000","660,000"
3498687605216642907,참고서,리딩튜터 스타터 2(2024),NE능률,"11,000","22,000","33,000","44,000","55,000","165,000","330,000","11,000","33,000","66,000","110,000","165,000","330,000","660,000"
3466346062988444703,참고서,리딩튜터 주니어 Level 3(2024),NE능률,"11,000","22,000","33,000","44,000","55,000","165,000","330,000","11,000","33,000","66,000","110,000","165,000","330,000","660,000"
3466346062988444701,참고서,리딩튜터 주니어 Level 1(2024),NE능률,"11,000","22,000","33,000","44,000","55,000","165,000","330,000","11,000","33,000","66,000","110,000","165,000","330,000","660,000"
3466346062988444702,참고서,리딩튜터 주니어 Level 2(2024),NE능률,"11,000","22,000","33,000","44,000","55,000","165,000","330,000","11,000","33,000","66,000","110,000","165,000","330,000","660,000"
3466346062988444704,참고서,리딩튜터 주니어 Level 4(2024),NE능률,"11,000","22,000","33,000","44,000","55,000","165,000","330,000","11,000","33,000","66,000","110,000","165,000","330,000","660,000"
3072658160259957828,교과서,[15개정][다락원] 중학 영어 3 (강용순),다락원,"29,333","88,000","176,000","293,333","440,000","880,000","1,760,000","29,333","58,667","88,000","117,333","146,667","440,000","880,000"
3743043444109477711,교과서,[22개정][지학사] 중학 영어 2 (송미정),지학사,"29,333","88,000","176,000","293,333","440,000","880,000","1,760,000","29,333","58,667","88,000","117,333","146,667","440,000","880,000"
3540088284942173786,교과서,[22개정][지학사] 중학 영어 1 (송미정),지학사,"29,333","88,000","176,000","293,333","440,000","880,000","1,760,000","29,333","58,667","88,000","117,333","146,667","440,000","880,000"
3529490654969202181,교과서,[22개정][지학사] 공통영어 2 (신상근),지학사,"29,333","88,000","176,000","293,333","440,000","880,000","1,760,000","29,333","58,667","88,000","117,333","146,667","440,000","880,000"
3529490654952424964,교과서,[22개정][지학사] 공통영어 1 (신상근),지학사,"29,333","88,000","176,000","293,333","440,000","880,000","1,760,000","29,333","58,667","88,000","117,333","146,667","440,000","880,000"
3540088284900230722,교과서,[22개정][지학사] 고등 영어 Ⅱ (신상근),지학사,"29,333","88,000","176,000","293,333","440,000","880,000","1,760,000","29,333","58,667","88,000","117,333","146,667","440,000","880,000"
3529490654969202182,교과서,[22개정][지학사] 고등 영어 Ⅰ (신상근),지학사,"29,333","88,000","176,000","293,333","440,000","880,000","1,760,000","29,333","58,667","88,000","117,333","146,667","440,000","880,000"
3011185309019801132,교과서,[15개정][지학사] 중학 영어 3 (민찬규),지학사,"29,333","88,000","176,000","293,333","440,000","880,000","1,760,000","29,333","58,667","88,000","117,333","146,667","440,000","880,000"
3246430275705505395,참고서,파워업 독해유형편,쎄듀,"18,333","55,000","110,000","183,333","275,000","550,000","1,100,000","18,333","36,667","55,000","73,333","91,667","275,000","550,000"
3246430276678583924,참고서,파워업 독해실전편 모의고사 15회,쎄듀,"18,333","55,000","110,000","183,333","275,000","550,000","1,100,000","18,333","36,667","55,000","73,333","91,667","275,000","550,000"
3687769559055468366,참고서,첫단추 독해실전편(2025),쎄듀,후차감 정책 시행 대상 제외,,,,,,,후차감 정책 시행 대상 제외,,,,,,
3687769558803810125,참고서,첫단추 독해유형편(2025),쎄듀,후차감 정책 시행 대상 제외,,,,,,,후차감 정책 시행 대상 제외,,,,,,
3849530265261049312,참고서,수능 빌드업 영어독해(2025),EBS,0,0,0,0,0,0,0,0,0,0,0,0,0,0
3704551874926478854,참고서,올림포스 고급영어독해 영미 비문학 읽기 수록 원문(2025),EBS,0,0,0,0,0,0,0,0,0,0,0,0,0,0
3508799879348487888,참고서,올림포스 영어독해 9대 변별유형 수록 원문(2025),EBS,0,0,0,0,0,0,0,0,0,0,0,0,0,0
3508799879348487886,참고서,올림포스 영어독해 기본 1 수록 원문(2025),EBS,0,0,0,0,0,0,0,0,0,0,0,0,0,0
3508799879348487887,참고서,올림포스 영어독해 기본 2 수록 원문(2025),EBS,0,0,0,0,0,0,0,0,0,0,0,0,0,0
3765332887356835089,참고서,올림포스 전국연합학력평가 기출문제집 영어독해 고1 (2026),EBS,0,0,0,0,0,0,0,0,0,0,0,0,0,0
3765332887356835090,참고서,올림포스 전국연합학력평가 기출문제집 영어독해 고2 (2026),EBS,0,0,0,0,0,0,0,0,0,0,0,0,0,0
3765332887356835091,참고서,하루 6개 1등급 영어독해 고1 (2025),EBS,0,0,0,0,0,0,0,0,0,0,0,0,0,0
3765332887356835092,참고서,하루 6개 1등급 영어독해 고2 (2025),EBS,0,0,0,0,0,0,0,0,0,0,0,0,0,0
3529486662478333439,참고서,하루 6개 1등급 영어독해 고3 (2024),EBS,0,0,0,0,0,0,0,0,0,0,0,0,0,0
3344567430914508561,참고서,Reading Power 구문편 수록 원문(2017),EBS,0,0,0,0,0,0,0,0,0,0,0,0,0,0
3344567430914508559,참고서,Reading Power 유형편 기본 수록 원문(2016),EBS,0,0,0,0,0,0,0,0,0,0,0,0,0,0
3344567430914508558,참고서,Reading Power 유형편 완성 수록 원문(2016),EBS,0,0,0,0,0,0,0,0,0,0,0,0,0,0
3344567430914508560,참고서,Reading Power 주제별 독해 완성 수록 원문(2020),EBS,0,0,0,0,0,0,0,0,0,0,0,0,0,0
3704551874767095301,참고서,올림포스 고급영어독해 영미 문학 읽기 수록 원문(2025),EBS,0,0,0,0,0,0,0,0,0,0,0,0,0,0
3765332887356835088,참고서,수능특강 Light 영어독해연습 수록 원문(2025),EBS,0,0,0,0,0,0,0,0,0,0,0,0,0,0
3765332887323280655,참고서,수능특강 Light 영어 수록 원문(2025),EBS,0,0,0,0,0,0,0,0,0,0,0,0,0,0
3824197664510051987,참고서,수능특강 영어독해연습 수록 원문(2027),EBS,0,0,0,0,0,0,0,0,0,0,0,0,0,0
3824197664468108946,참고서,수능특강 영어 수록 원문(2027),EBS,0,0,0,0,0,0,0,0,0,0,0,0,0,0
3647370144369346168,참고서,수능완성 영어 수록 원문(2026),EBS,0,0,0,0,0,0,0,0,0,0,0,0,0,0
3824197664518440596,참고서,수능 기출의 미래 영어독해(2027),EBS,0,0,0,0,0,0,0,0,0,0,0,0,0,0
3824197664518440597,참고서,수능 기출의 미래 어법·어휘(2027),EBS,0,0,0,0,0,0,0,0,0,0,0,0,0,0
3529486662511887872,참고서,수능 기출의 미래 미니모의고사 영어독해 핵심유형(2026),EBS,0,0,0,0,0,0,0,0,0,0,0,0,0,0
3529486662511887873,참고서,수능 기출의 미래 미니모의고사 영어독해 풀유형(2026),EBS,0,0,0,0,0,0,0,0,0,0,0,0,0,0
3427242158095075180,참고서,수능 감잡기 영어 수록 원문(2020),EBS,0,0,0,0,0,0,0,0,0,0,0,0,0,0
3765329636184032526,교과서,2026 고3 수능/모의고사 영어,수능/모의고사,0,0,0,0,0,0,0,0,0,0,0,0,0,0
3765329636184032525,교과서,2026 고2 모의고사 영어,수능/모의고사,0,0,0,0,0,0,0,0,0,0,0,0,0,0
3765329635940762892,교과서,2026 고1 모의고사 영어,수능/모의고사,0,0,0,0,0,0,0,0,0,0,0,0,0,0
3508801169508009685,교과서,2025 고3 수능/모의고사 영어,수능/모의고사,0,0,0,0,0,0,0,0,0,0,0,0,0,0
3508801169508009684,교과서,2025 고2 모의고사 영어,수능/모의고사,0,0,0,0,0,0,0,0,0,0,0,0,0,0
3508801169373791955,교과서,2025 고1 모의고사 영어,수능/모의고사,0,0,0,0,0,0,0,0,0,0,0,0,0,0
3387795899085227399,교과서,2024 고3 수능/모의고사 영어,수능/모의고사,0,0,0,0,0,0,0,0,0,0,0,0,0,0
3387795899076838786,교과서,2024 고2 모의고사 영어,수능/모의고사,0,0,0,0,0,0,0,0,0,0,0,0,0,0
3305970767555987411,교과서,2024 고1 모의고사 영어,수능/모의고사,0,0,0,0,0,0,0,0,0,0,0,0,0,0
3387795899085227398,교과서,2023 고3 수능/모의고사 영어,수능/모의고사,0,0,0,0,0,0,0,0,0,0,0,0,0,0
3387795899076838785,교과서,2023 고2 모의고사 영어,수능/모의고사,0,0,0,0,0,0,0,0,0,0,0,0,0,0
3379414556668331390,교과서,2023 고1 모의고사 영어,수능/모의고사,0,0,0,0,0,0,0,0,0,0,0,0,0,0
3387795899085227397,교과서,2022 고3 수능/모의고사 영어,수능/모의고사,0,0,0,0,0,0,0,0,0,0,0,0,0,0
3387795899076838784,교과서,2022 고2 모의고사 영어,수능/모의고사,0,0,0,0,0,0,0,0,0,0,0,0,0,0
3379414556693497215,교과서,2022 고1 모의고사 영어,수능/모의고사,0,0,0,0,0,0,0,0,0,0,0,0,0,0
3387795899085227396,교과서,2021 고3 수능/모의고사 영어,수능/모의고사,0,0,0,0,0,0,0,0,0,0,0,0,0,0
3387795899076838783,교과서,2021 고2 모의고사 영어,수능/모의고사,0,0,0,0,0,0,0,0,0,0,0,0,0,0
3379414556701885824,교과서,2021 고1 모의고사 영어,수능/모의고사,0,0,0,0,0,0,0,0,0,0,0,0,0,0
3387795899076838787,교과서,2020 고3 수능/모의고사 영어,수능/모의고사,0,0,0,0,0,0,0,0,0,0,0,0,0,0
3387795899060061566,교과서,2020 고2 모의고사 영어,수능/모의고사,0,0,0,0,0,0,0,0,0,0,0,0,0,0
3379414556710274433,교과서,2020 고1 모의고사 영어,수능/모의고사,0,0,0,0,0,0,0,0,0,0,0,0,0,0
3652539494629901838,교과서,2019 고3 수능/모의고사 영어,수능/모의고사,0,0,0,0,0,0,0,0,0,0,0,0,0,0
3652539494629901837,교과서,2019 고2 모의고사 영어,수능/모의고사,0,0,0,0,0,0,0,0,0,0,0,0,0,0
3652539494411798028,교과서,2019 고1 모의고사 영어,수능/모의고사,0,0,0,0,0,0,0,0,0,0,0,0,0,0
3652539494629901841,교과서,2018 고3 수능/모의고사 영어,수능/모의고사,0,0,0,0,0,0,0,0,0,0,0,0,0,0
3652539494629901840,교과서,2018 고2 모의고사 영어,수능/모의고사,0,0,0,0,0,0,0,0,0,0,0,0,0,0
3652539494629901839,교과서,2018 고1 모의고사 영어,수능/모의고사,0,0,0,0,0,0,0,0,0,0,0,0,0,0
3652539494629901844,교과서,2017 고3 수능/모의고사 영어,수능/모의고사,0,0,0,0,0,0,0,0,0,0,0,0,0,0
3652539494629901843,교과서,2017 고2 모의고사 영어,수능/모의고사,0,0,0,0,0,0,0,0,0,0,0,0,0,0
3652539494629901842,교과서,2017 고1 모의고사 영어,수능/모의고사,0,0,0,0,0,0,0,0,0,0,0,0,0,0
3652539494638290455,교과서,2016 고3 수능/모의고사 영어,수능/모의고사,0,0,0,0,0,0,0,0,0,0,0,0,0,0
3652539494638290454,교과서,2016 고2 모의고사 영어,수능/모의고사,0,0,0,0,0,0,0,0,0,0,0,0,0,0
3652539494638290453,교과서,2016 고1 모의고사 영어,수능/모의고사,0,0,0,0,0,0,0,0,0,0,0,0,0,0
3652539494638290458,교과서,2015 고3 수능/모의고사 영어,수능/모의고사,0,0,0,0,0,0,0,0,0,0,0,0,0,0
3652539494638290457,교과서,2015 고2 모의고사 영어,수능/모의고사,0,0,0,0,0,0,0,0,0,0,0,0,0,0
3652539494638290456,교과서,2015 고1 모의고사 영어,수능/모의고사,0,0,0,0,0,0,0,0,0,0,0,0,0,0
3652539494638290461,교과서,2014 고3 수능/모의고사 영어,수능/모의고사,0,0,0,0,0,0,0,0,0,0,0,0,0,0
3652539494638290460,교과서,2014 고2 모의고사 영어,수능/모의고사,0,0,0,0,0,0,0,0,0,0,0,0,0,0
3652539494638290459,교과서,2014 고1 모의고사 영어,수능/모의고사,0,0,0,0,0,0,0,0,0,0,0,0,0,0
3652539494638290464,교과서,2013 고3 수능/모의고사 영어,수능/모의고사,0,0,0,0,0,0,0,0,0,0,0,0,0,0
3652539494638290463,교과서,2013 고2 모의고사 영어,수능/모의고사,0,0,0,0,0,0,0,0,0,0,0,0,0,0
3652539494638290462,교과서,2013 고1 모의고사 영어,수능/모의고사,0,0,0,0,0,0,0,0,0,0,0,0,0,0
3652539494646679075,교과서,2012 고3 수능/모의고사 영어,수능/모의고사,0,0,0,0,0,0,0,0,0,0,0,0,0,0
3652539494638290466,교과서,2012 고2 모의고사 영어,수능/모의고사,0,0,0,0,0,0,0,0,0,0,0,0,0,0
3652539494638290465,교과서,2012 고1 모의고사 영어,수능/모의고사,0,0,0,0,0,0,0,0,0,0,0,0,0,0
3652539494646679078,교과서,2011 고3 수능/모의고사 영어,수능/모의고사,0,0,0,0,0,0,0,0,0,0,0,0,0,0
3652539494646679077,교과서,2011 고2 모의고사 영어,수능/모의고사,0,0,0,0,0,0,0,0,0,0,0,0,0,0
3652539494646679076,교과서,2011 고1 모의고사 영어,수능/모의고사,0,0,0,0,0,0,0,0,0,0,0,0,0,0
3846791648822429078,참고서,자이스토리 영어 독해 기본(2026),수경출판사,0,0,0,0,0,0,0,0,0,0,0,0,0,0
3846793547760010647,참고서,자이스토리 영어 독해 완성(2026),수경출판사,0,0,0,0,0,0,0,0,0,0,0,0,0,0
3846794168961598872,참고서,자이스토리 영어 독해 실전(2027),수경출판사,0,0,0,0,0,0,0,0,0,0,0,0,0,0
3846794654519395737,참고서,자이스토리 영어 어법·어휘 기본(2026),수경출판사,0,0,0,0,0,0,0,0,0,0,0,0,0,0
3846799824905045411,참고서,자이스토리 영어 어법·어휘 완성(2026),수경출판사,0,0,0,0,0,0,0,0,0,0,0,0,0,0
3846801262737622436,참고서,자이스토리 영어 어법·어휘 실전(2027),수경출판사,0,0,0,0,0,0,0,0,0,0,0,0,0,0
3846801729639155109,참고서,자이스토리 전국연합모의고사 고1 영어(2026),수경출판사,0,0,0,0,0,0,0,0,0,0,0,0,0,0
3846802018022720934,참고서,자이스토리 전국연합모의고사 고2 영어(2026),수경출판사,0,0,0,0,0,0,0,0,0,0,0,0,0,0
3846802360512808359,참고서,자이스토리 수능 연도별 모의고사 고3 영어(2027),수경출판사,0,0,0,0,0,0,0,0,0,0,0,0,0,0
3846759315159385461,참고서,마더텅 수능기출문제집 영어 독해(2027),마더텅,0,0,0,0,0,0,0,0,0,0,0,0,0,0
3846761306128385400,참고서,마더텅 수능기출문제집 영어 어법·어휘(2027),마더텅,0,0,0,0,0,0,0,0,0,0,0,0,0,0
3846762478704788863,참고서,마더텅 전국연합학력평가 기출문제집 고1 영어 독해(2026),마더텅,0,0,0,0,0,0,0,0,0,0,0,0,0,0
3846763364415964544,참고서,마더텅 전국연합학력평가 기출문제집 고1 영어 어법·어휘(2026),마더텅,0,0,0,0,0,0,0,0,0,0,0,0,0,0
3846764042995631489,참고서,마더텅 전국연합학력평가 기출문제집 고2 영어 독해(2026),마더텅,0,0,0,0,0,0,0,0,0,0,0,0,0,0
3846765119488918914,참고서,마더텅 전국연합학력평가 기출문제집 고2 영어 어법·어휘(2026),마더텅,0,0,0,0,0,0,0,0,0,0,0,0,0,0
3846767670724658564,참고서,마더텅 전국연합학력평가 기출 모의고사 3개년 12회 고1 영어(2026),마더텅,0,0,0,0,0,0,0,0,0,0,0,0,0,0
3846768293654300037,참고서,마더텅 전국연합학력평가 기출 모의고사 3개년 12회 고2 영어(2026),마더텅,0,0,0,0,0,0,0,0,0,0,0,0,0,0
3846769685005600134,참고서,마더텅 수능기출 모의고사 30회 영어(2027),마더텅,0,0,0,0,0,0,0,0,0,0,0,0,0,0
3846772844818072975,참고서,마더텅 전국연합학력평가 20분 미니모의고사 24회 고1 영어(2026),마더텅,0,0,0,0,0,0,0,0,0,0,0,0,0,0
3846773843314083216,참고서,마더텅 전국연합학력평가 20분 미니모의고사 24회 고2 영어(2026),마더텅,0,0,0,0,0,0,0,0,0,0,0,0,0,0
3846774907375453585,참고서,마더텅 수능기출 20분 미니모의고사 24회 고3 영어(2027),마더텅,0,0,0,0,0,0,0,0,0,0,0,0,0,0
3846777210090292626,참고서,마더텅 수능기출 유형별 20분 미니모의고사 24회 고3 영어(2027),마더텅,0,0,0,0,0,0,0,0,0,0,0,0,0,0
3083562399307925180,교과서,영어 오리지널 콘텐츠,쏠북 오리지널,0,0,0,0,0,0,0,0,0,0,0,0,0,0