보유	EBS	고등	workbook	수능특강 영어독해연습 수록 원문(2027)
보유	수능/모의고사	고등	textbook	2026 고2 모의고사 영어
보유	수능/모의고사	고등	textbook	2026 고3 수능/모의고사 영어
보유	NE능률	고등	workbook	빠른독해 바른독해 수능실전(2024)
보유	NE능률	고등	workbook	빠른독해 바른독해 유형독해(2024)
보유	NE능률	고등	textbook	[22개정][NE능률] 공통영어 1 (민병천)
보유	NE능률	고등	textbook	[22개정][NE능률] 공통영어 1 (오선영)
보유	NE능률	고등	textbook	[22개정][NE능률] 공통영어 2 (민병천)
보유	NE능률	고등	textbook	[22개정][NE능률] 공통영어 2 (오선영)
보유	NE능률	고등	textbook	[22개정][NE능률] 고등 영어 Ⅰ (오선영)
보유	NE능률	고등	textbook	[22개정][NE능률] 고등 영어 Ⅱ (오선영)
보유	YBM	고등	textbook	[22개정][YBM] 고등 영어 Ⅰ (박준언)
보유	YBM	고등	textbook	[22개정][YBM] 고등 영어 Ⅱ (박준언)
보유	YBM	고등	textbook	[22개정][YBM] 공통영어 1 (김은형)
보유	YBM	고등	textbook	[22개정][YBM] 공통영어 1 (박준언)
보유	YBM	고등	textbook	[22개정][YBM] 공통영어 2 (김은형)
보유	YBM	고등	textbook	[22개정][YBM] 공통영어 2 (박준언)
보유	쏠북 오리지널	고등	textbook	영어 수능대비 콘텐츠
보유	NE능률	고등	workbook	빠른독해 바른독해 구문독해(2024)
보유	NE능률	고등	workbook	수능만만 영어독해 20회
보유	NE능률	고등	workbook	얇고 빠른 수능 독해 실전 미니 모의고사 10+2회
보유	NE능률	고등	workbook	얇고 빠른 수능 독해 입문 미니 모의고사 10+2회
보유	NE능률	고등	workbook	얇고 빠른 수능 독해 기본 미니 모의고사 10+2회
보유	NE능률	고등	workbook	수능 1 Up 빈순삽함 유형편(2026)
보유	NE능률	고등	workbook	The 더 상승 구문편(2024)
보유	NE능률	고등	workbook	The 더 상승 문법독해편(2024)
보유	NE능률	고등	workbook	The 더 상승 직독직해편(2024)
보유	NE능률	고등	workbook	The 더 상승 수능유형편(2024)
보유	NE능률	고등	workbook	The 더 상승 어법 어휘 + 유형편(2024)
보유	NE능률	고등	workbook	수능유형 픽 PICK 독해 기본 (2023)
보유	NE능률	고등	workbook	수능유형 픽 PICK 독해 실력 (2023)
보유	NE능률	고등	workbook	수능만만 영어독해 기본 10+1회
보유	YBM	고등	workbook	Booster(부스터) 구문독해 (2022)
보유	YBM	고등	workbook	Booster(부스터) 유형독해 (2022)
보유	쎄듀	고등	workbook	파워업 독해유형편
보유	쎄듀	고등	workbook	파워업 독해실전편 모의고사 15회
보유	EBS	고등	workbook	올림포스 전국연합학력평가 기출문제집 영어독해 고1 (2026)
보유	EBS	고등	workbook	올림포스 전국연합학력평가 기출문제집 영어독해 고2 (2026)
보유	EBS	고등	workbook	수능 빌드업 영어독해(2025)
보유	EBS	고등	workbook	수능 기출의 미래 어법·어휘(2027)
보유	EBS	고등	workbook	수능 기출의 미래 영어독해(2027)
보유	EBS	고등	workbook	수능특강 Light 영어 수록 원문(2025)
보유	EBS	고등	workbook	수능특강 Light 영어독해연습 수록 원문(2025)
보유	EBS	고등	workbook	하루 6개 1등급 영어독해 고1 (2025)
보유	EBS	고등	workbook	하루 6개 1등급 영어독해 고2 (2025)
보유	EBS	고등	workbook	올림포스 고급영어독해 영미 문학 읽기 수록 원문(2025)
보유	EBS	고등	workbook	올림포스 고급영어독해 영미 비문학 읽기 수록 원문(2025)
보유	EBS	고등	workbook	수능완성 영어 수록 원문(2026)
보유	EBS	고등	workbook	수능 기출의 미래 미니모의고사 영어독해 풀유형(2026)
보유	EBS	고등	workbook	수능 기출의 미래 미니모의고사 영어독해 핵심유형(2026)
보유	EBS	고등	workbook	하루 6개 1등급 영어독해 고3 (2024)
보유	EBS	고등	workbook	올림포스 영어독해 9대 변별유형 수록 원문(2025)
보유	EBS	고등	workbook	올림포스 영어독해 기본 1 수록 원문(2025)
보유	EBS	고등	workbook	올림포스 영어독해 기본 2 수록 원문(2025)
보유	EBS	고등	workbook	수능 감잡기 영어 수록 원문(2020)
보유	EBS	고등	workbook	Reading Power 구문편 수록 원문(2017)
보유	EBS	고등	workbook	Reading Power 유형편 기본 수록 원문(2016)
보유	EBS	고등	workbook	Reading Power 유형편 완성 수록 원문(2016)
보유	EBS	고등	workbook	Reading Power 주제별 독해 완성 수록 원문(2020)
보유	EBS	고등	workbook	수능특강 영어 수록 원문(2027)
보유	수능/모의고사	고등	textbook	2026 고1 모의고사 영어
보유	수능/모의고사	고등	textbook	2024 고1 모의고사 영어
보유	수능/모의고사	고등	textbook	2020 고2 모의고사 영어
보유	수능/모의고사	고등	textbook	2020 고3 수능/모의고사 영어
보유	수능/모의고사	고등	textbook	2021 고2 모의고사 영어
보유	수능/모의고사	고등	textbook	2021 고3 수능/모의고사 영어
보유	수능/모의고사	고등	textbook	2022 고2 모의고사 영어
보유	수능/모의고사	고등	textbook	2022 고3 수능/모의고사 영어
보유	수능/모의고사	고등	textbook	2023 고2 모의고사 영어
보유	수능/모의고사	고등	textbook	2023 고3 수능/모의고사 영어
보유	수능/모의고사	고등	textbook	2024 고2 모의고사 영어
보유	수능/모의고사	고등	textbook	2024 고3 수능/모의고사 영어
보유	쏠북 오리지널	고등	textbook	영어 오리지널 콘텐츠
보유	수능/모의고사	고등	textbook	2020 고1 모의고사 영어
보유	수능/모의고사	고등	textbook	2021 고1 모의고사 영어
보유	수능/모의고사	고등	textbook	2022 고1 모의고사 영어
보유	수능/모의고사	고등	textbook	2023 고1 모의고사 영어
보유	수능/모의고사	고등	textbook	2025 고1 모의고사 영어
보유	수능/모의고사	고등	textbook	2025 고2 모의고사 영어
보유	수능/모의고사	고등	textbook	2025 고3 수능/모의고사 영어
보유	마더텅	고등	workbook	마더텅 전국연합학력평가 20분 미니모의고사 24회 고1 영어(2025)
보유	마더텅	고등	workbook	마더텅 전국연합학력평가 20분 미니모의고사 24회 고2 영어(2025)
보유	마더텅	고등	workbook	마더텅 전국연합학력평가 기출문제집 고1 영어 독해(2025)
보유	마더텅	고등	workbook	마더텅 전국연합학력평가 기출문제집 고1 영어 어법·어휘(2025)
보유	마더텅	고등	workbook	마더텅 전국연합학력평가 기출문제집 고2 영어 독해(2025)
보유	마더텅	고등	workbook	마더텅 전국연합학력평가 기출문제집 고2 영어 어법·어휘(2025)
보유	수경출판사	고등	workbook	자이스토리 영어 독해 기본(2025)
보유	수경출판사	고등	workbook	자이스토리 영어 독해 완성(2025)
보유	수경출판사	고등	workbook	자이스토리 영어 어법·어휘 기본(2025)
보유	수경출판사	고등	workbook	자이스토리 영어 어법·어휘 완성(2025)
보유	수경출판사	고등	workbook	자이스토리 전국연합모의고사 고1 영어(2025)
보유	수경출판사	고등	workbook	자이스토리 전국연합모의고사 고2 영어(2025)
보유	마더텅	고등	workbook	마더텅 수능기출 20분 미니모의고사 24회 고3 영어(2025)
보유	마더텅	고등	workbook	마더텅 수능기출 모의고사 30회 영어(2025)
보유	마더텅	고등	workbook	마더텅 수능기출 유형별 20분 미니모의고사 24회 고3 영어(2025)
보유	마더텅	고등	workbook	마더텅 수능기출문제집 영어 독해(2025)
보유	마더텅	고등	workbook	마더텅 수능기출문제집 영어 어법·어휘(2025)
보유	마더텅	고등	workbook	마더텅 전국연합학력평가 20분 미니모의고사 24회 고1 영어(2024)
보유	마더텅	고등	workbook	마더텅 전국연합학력평가 20분 미니모의고사 24회 고2 영어(2024)
보유	마더텅	고등	workbook	마더텅 전국연합학력평가 기출 모의고사 3개년 12회 고1 영어(2024)
보유	마더텅	고등	workbook	마더텅 전국연합학력평가 기출 모의고사 3개년 12회 고2 영어(2024)
보유	마더텅	고등	workbook	마더텅 전국연합학력평가 기출문제집 고1 영어 독해(2024)
보유	마더텅	고등	workbook	마더텅 전국연합학력평가 기출문제집 고1 영어 어법·어휘(2024)
보유	마더텅	고등	workbook	마더텅 전국연합학력평가 기출문제집 고2 영어 독해(2024)
보유	마더텅	고등	workbook	마더텅 전국연합학력평가 기출문제집 고2 영어 어법·어휘(2024)
보유	수경출판사	고등	workbook	자이스토리 수능 연도별 모의고사 고3 영어(2025)
보유	수경출판사	고등	workbook	자이스토리 영어 독해 기본(2024)
보유	수경출판사	고등	workbook	자이스토리 영어 독해 실전(2025)
보유	수경출판사	고등	workbook	자이스토리 영어 독해 완성(2024)
보유	수경출판사	고등	workbook	자이스토리 영어 어법·어휘 기본(2024)
보유	수경출판사	고등	workbook	자이스토리 영어 어법·어휘 실전(2025)
보유	수경출판사	고등	workbook	자이스토리 영어 어법·어휘 완성(2024)
보유	수경출판사	고등	workbook	자이스토리 전국연합모의고사 고1 영어(2024)
보유	수경출판사	고등	workbook	자이스토리 전국연합모의고사 고2 영어(2024)
획득	EBS	고등	workbook	수능완성 영어 수록 원문(2027)
획득	NE능률	고등	workbook	수능 1 Up 간접연계 소재편(2026)
획득	NE능률	중등	workbook	Grammar Zone(그래머존) Complete
획득	NE능률	중등	workbook	Grammar Zone(그래머존) 중등 필수
획득	NE능률	중등	workbook	Grammar Zone(그래머존) 중등 기본
획득	NE능률	고등	workbook	Grammar Zone(그래머존) 고등 필수
획득	NE능률	고등	workbook	Grammar Zone(그래머존) 고등 기본
획득	NE능률	고등	workbook	문제로 마스터하는 고등영문법(2025)
획득	NE능률	중등	workbook	문제로 마스터하는 중학영문법 LEVEL 3(2025)
획득	NE능률	중등	workbook	문제로 마스터하는 중학영문법 LEVEL 2(2025)
획득	NE능률	중등	workbook	문제로 마스터하는 중학영문법 LEVEL 1(2025)
획득	NE능률	중등	workbook	능률 VOCA 어원편 중등
획득	NE능률	고등	workbook	능률 VOCA 어원편 고등
획득	NE능률	고등	workbook	능률 VOCA 수능 필수
획득	NE능률	고등	workbook	능률 VOCA 수능 고난도
획득	NE능률	고등	workbook	능률 VOCA 고등 기본
획득	NE능률	중등	workbook	능률 VOCA 중등 필수
획득	NE능률	중등	workbook	능률 VOCA 중등 숙어
획득	NE능률	중등	workbook	능률 VOCA 중등 기본
획득	NE능률	중등	workbook	능률 VOCA 중등 고난도
획득	NE능률	초등	workbook	능률 VOCA 초등 필수
획득	NE능률	초등	workbook	능률 VOCA 초등 기본
획득	수경출판사	고등	workbook	자이스토리 수능 연도별 모의고사 고3 영어(2027)
획득	수경출판사	고등	workbook	자이스토리 전국연합모의고사 고2 영어(2026)
획득	수경출판사	고등	workbook	자이스토리 전국연합모의고사 고1 영어(2026)
획득	수경출판사	고등	workbook	자이스토리 영어 어법·어휘 실전(2027)
획득	수경출판사	고등	workbook	자이스토리 영어 어법·어휘 완성(2026)
획득	NE능률	고등	workbook	다빈출코드 학평기출문제집 영어영역 어법·어휘(2026)
획득	NE능률	고등	workbook	다빈출코드 학평기출문제집 영어영역 고2 독해(2026)
획득	NE능률	고등	workbook	다빈출코드 학평기출문제집 영어영역 고1 독해(2026)
획득	수경출판사	고등	workbook	자이스토리 영어 어법·어휘 기본(2026)
획득	수경출판사	고등	workbook	자이스토리 영어 독해 실전(2027)
획득	수경출판사	고등	workbook	자이스토리 영어 독해 완성(2026)
획득	수경출판사	고등	workbook	자이스토리 영어 독해 기본(2026)
획득	마더텅	고등	workbook	마더텅 수능기출 유형별 20분 미니모의고사 24회 고3 영어(2027)
획득	마더텅	고등	workbook	마더텅 수능기출 20분 미니모의고사 24회 고3 영어(2027)
획득	마더텅	고등	workbook	마더텅 전국연합학력평가 20분 미니모의고사 24회 고2 영어(2026)
획득	마더텅	고등	workbook	마더텅 전국연합학력평가 20분 미니모의고사 24회 고1 영어(2026)
획득	마더텅	고등	workbook	마더텅 수능기출 모의고사 30회 영어(2027)
획득	마더텅	고등	workbook	마더텅 전국연합학력평가 기출 모의고사 3개년 12회 고2 영어(2026)
획득	마더텅	고등	workbook	마더텅 전국연합학력평가 기출 모의고사 3개년 12회 고1 영어(2026)
획득	마더텅	고등	workbook	마더텅 전국연합학력평가 기출문제집 고2 영어 어법·어휘(2026)
획득	마더텅	고등	workbook	마더텅 전국연합학력평가 기출문제집 고2 영어 독해(2026)
획득	마더텅	고등	workbook	마더텅 전국연합학력평가 기출문제집 고1 영어 어법·어휘(2026)
획득	마더텅	고등	workbook	마더텅 전국연합학력평가 기출문제집 고1 영어 독해(2026)
획득	마더텅	고등	workbook	마더텅 수능기출문제집 영어 어법·어휘(2027)
획득	마더텅	고등	workbook	마더텅 수능기출문제집 영어 독해(2027)
획득	YBM	중등	workbook	Booster VOCA 기본(2025)
획득	YBM	중등	workbook	Booster VOCA 실력(2025)
획득	YBM	중등	workbook	Booster VOCA 완성(2025)
획득	YBM	중등	workbook	I LOVE GRAMMAR Level 1 (2025)
획득	YBM	중등	workbook	I LOVE GRAMMAR Level 2 (2025)
획득	YBM	중등	workbook	I LOVE GRAMMAR Level 3 (2025)
획득	YBM	중등	workbook	I LOVE READING Level 1 (2025)
획득	YBM	중등	workbook	I LOVE READING Level 2 (2025)
획득	YBM	중등	workbook	I LOVE READING Level 3 (2025)
획득	YBM	고등	workbook	READING BOOSTER 영어독해 모의고사 10+2회 기본(2025)
획득	YBM	고등	workbook	READING BOOSTER 영어독해 모의고사 15회(2025)
획득	YBM	중등	workbook	Reading Prime 1 (2024)
획득	YBM	중등	workbook	Reading Prime 2 (2024)
획득	YBM	중등	workbook	Reading Prime 3 (2024)
획득	YBM	고등	workbook	Reading Prime 4 (2024)
획득	YBM	고등	workbook	Reading Prime 5 (2024)
획득	YBM	고등	workbook	Reading Prime 6 (2024)
획득	NE능률	중등	textbook	[22개정][NE능률] 중학 영어 2 (김기택)
획득	YBM	중등	textbook	[22개정][YBM] 중학 영어 2 (김은형)
획득	YBM	중등	textbook	[22개정][YBM] 중학 영어 2 (박준언)
획득	지학사	중등	textbook	[22개정][지학사] 중학 영어 2 (송미정)
획득	NE능률	고등	workbook	리딩튜터 챌린저 1
획득	NE능률	고등	workbook	리딩튜터 챌린저 2
획득	NE능률	고등	workbook	리딩튜터 챌린저 3
획득	수능/모의고사	고등	textbook	2011 고1 모의고사 영어
획득	수능/모의고사	고등	textbook	2011 고2 모의고사 영어
획득	수능/모의고사	고등	textbook	2011 고3 수능/모의고사 영어
획득	수능/모의고사	고등	textbook	2012 고1 모의고사 영어
획득	수능/모의고사	고등	textbook	2012 고2 모의고사 영어
획득	수능/모의고사	고등	textbook	2012 고3 수능/모의고사 영어
획득	수능/모의고사	고등	textbook	2013 고1 모의고사 영어
획득	수능/모의고사	고등	textbook	2013 고2 모의고사 영어
획득	수능/모의고사	고등	textbook	2013 고3 수능/모의고사 영어
획득	수능/모의고사	고등	textbook	2014 고1 모의고사 영어
획득	수능/모의고사	고등	textbook	2014 고2 모의고사 영어
획득	수능/모의고사	고등	textbook	2014 고3 수능/모의고사 영어
획득	수능/모의고사	고등	textbook	2015 고1 모의고사 영어
획득	수능/모의고사	고등	textbook	2015 고2 모의고사 영어
획득	수능/모의고사	고등	textbook	2015 고3 수능/모의고사 영어
획득	수능/모의고사	고등	textbook	2016 고1 모의고사 영어
획득	수능/모의고사	고등	textbook	2016 고2 모의고사 영어
획득	수능/모의고사	고등	textbook	2016 고3 수능/모의고사 영어
획득	수능/모의고사	고등	textbook	2017 고1 모의고사 영어
획득	수능/모의고사	고등	textbook	2017 고2 모의고사 영어
획득	수능/모의고사	고등	textbook	2017 고3 수능/모의고사 영어
획득	수능/모의고사	고등	textbook	2018 고1 모의고사 영어
획득	수능/모의고사	고등	textbook	2018 고2 모의고사 영어
획득	수능/모의고사	고등	textbook	2018 고3 수능/모의고사 영어
획득	수능/모의고사	고등	textbook	2019 고1 모의고사 영어
획득	수능/모의고사	고등	textbook	2019 고2 모의고사 영어
획득	수능/모의고사	고등	textbook	2019 고3 수능/모의고사 영어
획득	NE능률	고등	textbook	[22개정][NE능률] 영어 독해와 작문 (민병천)
획득	NE능률	중등	textbook	[22개정][NE능률] 중학 영어 1 (김기택)
획득	YBM	고등	textbook	[22개정][YBM] 영어 독해와 작문 (김은형)
획득	YBM	중등	textbook	[22개정][YBM] 중학 영어 1 (김은형)
획득	YBM	중등	textbook	[22개정][YBM] 중학 영어 1 (박준언)
획득	지학사	고등	textbook	[22개정][지학사] 고등 영어 Ⅱ (신상근)
획득	지학사	중등	textbook	[22개정][지학사] 중학 영어 1 (송미정)
획득	지학사	고등	textbook	[22개정][지학사] 고등 영어 Ⅰ (신상근)
획득	지학사	고등	textbook	[22개정][지학사] 공통영어 1 (신상근)
획득	지학사	고등	textbook	[22개정][지학사] 공통영어 2 (신상근)
획득	NE능률	초등	workbook	리딩튜터 스타터 1(2024)
획득	NE능률	초등	workbook	리딩튜터 스타터 2(2024)
획득	NE능률	초등	workbook	리딩튜터 스타터 3(2024)
획득	NE능률	중등	workbook	리딩튜터 주니어 Level 1(2024)
획득	NE능률	중등	workbook	리딩튜터 주니어 Level 2(2024)
획득	NE능률	중등	workbook	리딩튜터 주니어 Level 3(2024)
획득	NE능률	중등	workbook	리딩튜터 주니어 Level 4(2024)
획득	NE능률	고등	workbook	빠른독해 바른독해 기초세우기(2024)
획득	다락원	중등	textbook	[15개정][다락원] 중학 영어 3 (강용순)
획득	YBM	고등	workbook	Booster(부스터) 어법어휘 (2022)
획득	NE능률	고등	workbook	능률 VOCA 수능완성 2200
획득	NE능률	고등	workbook	능률 VOCA 고교필수 2000
획득	YBM	중등	textbook	[15개정][YBM] 중학 영어 3 (박준언)
획득	YBM	중등	textbook	[15개정][YBM] 중학 영어 3 (송미정)
획득	NE능률	중등	textbook	[15개정][NE능률] 중학 영어 3 (양현권)
획득	NE능률	중등	textbook	[15개정][NE능률] 중학 영어 3 (김성곤)
획득	NE능률	고등	workbook	능률 특급 어법
획득	NE능률	고등	workbook	능률 특급 독해유형별 모의고사
획득	NE능률	고등	workbook	능률 고급 영문독해
획득	NE능률	고등	workbook	기강잡고 고등 영어 독해 잡는 필수 문법
획득	NE능률	고등	workbook	맞수 수능유형 실전편
획득	NE능률	고등	workbook	맞수 수능유형 기본편
획득	NE능률	고등	workbook	수능 구문 빅데이터(수능빈출편)(2021)
획득	NE능률	고등	workbook	수능 구문 빅데이터(기본편)(2021)
획득	NE능률	고등	workbook	맞수 구문독해 기본편
획득	NE능률	고등	workbook	맞수 빈칸추론
획득	NE능률	고등	workbook	맞수 수능문법어법 기본편
획득	NE능률	고등	workbook	올클 수능 어법 Start
획득	NE능률	고등	workbook	올클 수능 어법 완성 (시험에 꼭 나오는 수능 어법 총정리)
획득	NE능률	고등	workbook	특급 수능ㆍEBS 기출 VOCA
획득	NE능률	고등	workbook	필히 통하는 고등 영문법 기본편
획득	NE능률	고등	workbook	필히 통하는 고등 영문법 실력편
획득	NE능률	고등	workbook	첫번째 수능영어 유형편
획득	NE능률	고등	workbook	첫번째 수능영어 실전편
획득	NE능률	고등	workbook	첫번째 수능영어 기초편
획득	NE능률	고등	workbook	Advanced Reading Expert 2
획득	NE능률	고등	workbook	Advanced Reading Expert 1
획득	NE능률	고등	workbook	Reading Expert 5(리딩 엑스퍼트)
획득	NE능률	고등	workbook	Reading Expert 4(리딩 엑스퍼트)
획득	NE능률	고등	workbook	Reading Expert 3(리딩 엑스퍼트)
획득	NE능률	고등	workbook	Reading Expert 2(리딩 엑스퍼트)
획득	NE능률	고등	workbook	능률 VOCA 어원편
획득	NE능률	고등	workbook	수능만만 기본 문법·어법·어휘 150제
획득	NE능률	고등	workbook	맞수 수능문법어법 실전편
획득	NE능률	고등	workbook	맞수 구문독해 실전편
획득	YBM	고등	workbook	초간단 수능영어 구문편 기본
획득	YBM	고등	workbook	초간단 수능영어 구문편 입문
획득	YBM	고등	workbook	초간단 수능영어 구문편 실전
획득	YBM	고등	workbook	초간단 수능영어 유형편 입문
획득	YBM	고등	workbook	초간단 수능영어 유형편 실전
획득	YBM	고등	workbook	초간단 수능영어 유형편 기본
획득	YBM	고등	workbook	초간단 수능영어 문법편 기본
획득	YBM	고등	workbook	초간단 수능영어 문법편 입문
획득	YBM	고등	workbook	초간단 수능영어 문법편 실전
획득	NE능률	고등	workbook	Reading Expert 1(리딩 엑스퍼트)
획득	NE능률	고등	workbook	수능만만 영어 어법 어휘 228제(2022)
획득	지학사	중등	textbook	[15개정][지학사] 중학 영어 3 (민찬규)
획득	NE능률	고등	workbook	능률 고등 기본영어
획득	NE능률	고등	workbook	기강잡고 고등 영어 기초 잡는 유형 독해
획득	YBM	고등	workbook	수직상승 빈출구문
획득	YBM	고등	workbook	수직상승 빈출어법
획득	NE능률	고등	workbook	천문장 완성
획득	NE능률	고등	workbook	천문장 기본
획득	NE능률	고등	workbook	천문장 입문
획득	NE능률	고등	textbook	[15개정][NE능률] 영어권 문화 (김정렬)
획득	NE능률	고등	workbook	능률 특급 빈칸추론 (수능 1등급 만드는 실전 모의고사)
획득	YBM	고등	workbook	수직상승 고등 영문법
획득	YBM	고등	workbook	빈출어람
구매	쏠북 오리지널	과정 null	workbook	가재울고등학교
구매	쎄듀	고등	workbook	첫단추 독해실전편(2025)
구매	쎄듀	고등	workbook	첫단추 독해유형편(2025)
구매	NE능률	고등	textbook	[15개정][NE능률] 진로 영어 (김정렬)
