[15개정][NE능률] 고등 영어 (김성곤)	8	0	16	312	8	2023-08-09	2023-08-10	워크북:8
[15개정][NE능률] 고등 영어 Ⅱ (김성곤)	6	0	19	23105	6	2023-08-10	2023-08-10	워크북:6
[22개정][NE능률] 고등 영어 Ⅰ (오선영)	39	38	23	144129	13	2026-04-17	2026-04-23	변형문제:39
[22개정][NE능률] 공통영어 1 (오선영)	1	1	0	0	0	2026-04-20	2026-04-20	변형문제:1
[22개정][YBM] 고등 영어 Ⅰ (박준언)	27	27	13	131228	9	2026-04-15	2026-04-16	변형문제:27
[22개정][YBM] 공통영어 2 (박준언)	29	29	0	0	0	2026-09-25	2026-09-25	변형문제:29
맞수 구문독해 기본편	18	0	58	107988	17	2023-08-01	2023-09-11	워크북:18
맞수 구문독해 실전편	17	0	2	1800	2	2023-08-01	2023-09-11	워크북:17
맞수 빈칸추론	13	0	0	0	0	2023-08-01	2023-09-11	워크북:13
맞수 수능문법어법 기본편	17	0	19	30646	6	2023-08-01	2023-09-11	워크북:17
맞수 수능문법어법 실전편	17	0	0	0	0	2023-08-01	2023-09-11	워크북:17
맞수 수능유형 기본편	16	0	7	17514	4	2023-08-02	2023-09-11	워크북:16
맞수 수능유형 실전편	17	0	54	143800	17	2023-08-02	2023-09-11	워크북:17
빠른독해 바른독해 수능실전(2024)	8	8	3	33384	3	2026-04-07	2026-04-07	변형문제:8
빠른독해 바른독해 유형독해(2022)	23	0	23	37553	11	2023-03-16	2023-08-30	워크북:22/본문분석:1
수능만만 영어 어법 어휘 228제(2022)	33	0	44	19363	33	2023-10-07	2023-10-07	워크북:33
수능만만 영어독해 20회	20	20	0	0	0	2026-09-25	2026-09-25	변형문제:20
수능특강 영어 수록 원문(2026)	1	0	0	0	0	2025-02-13	2025-02-13	워크북:1
수능특강 영어 수록 원문(2027)	246	246	16	214960	9	2026-03-24	2026-05-20	변형문제:27/직보/파이널:219
수능특강 영어독해연습 수록 원문(2027)	225	225	18	47550	17	2026-04-09	2026-05-21	변형문제:14/직보/파이널:211
얇고 빠른 수능 독해 기본 미니 모의고사 10+2회	142	133	533	1484169	70	2023-03-18	2026-05-19	직보/파이널:114/워크북:15/변형문제:4/본문분석:9
얇고 빠른 수능 독해 실전 미니 모의고사 10+2회	12	0	87	252275	12	2022-09-20	2022-09-20	본문분석:12
Booster(부스터) 구문독해 (2022)	20	20	11	27100	9	2023-08-24	2023-09-04	워크북:20
Booster(부스터) 어법어휘 (2022)	29	0	4	13800	3	2023-09-02	2024-01-16	워크북:29
Booster(부스터) 유형독해 (2022)	63	62	9	39840	9	2023-09-02	2026-09-06	워크북:63
The 더 상승 구문편(2024)	17	16	14	51212	8	2024-03-17	2024-03-19	워크북:17
The 더 상승 문법독해편(2024)	12	12	37	116100	9	2023-08-01	2023-09-12	워크북:12
The 더 상승 수능유형편(2024)	29	26	13	52000	4	2024-01-15	2024-01-15	워크북:29
The 더 상승 직독직해편(2024)	9	8	2	8000	2	2024-02-05	2024-02-05	워크북:9
The 상승 구문편	14	0	13	43600	10	2023-08-01	2023-08-01	워크북:14
The 상승 수능유형편	27	0	10	22600	5	2023-04-16	2023-09-02	워크북:26/변형문제:1
The 상승 직독직해편	8	0	7	25300	4	2023-08-01	2023-09-12	워크북:8
2022 고1 모의고사 영어	88	88	2	12000	2	2026-09-11	2026-09-12	워크북:88
2022 고2 모의고사 영어	88	88	1	6000	1	2026-09-11	2026-09-12	워크북:88
2022 고3 수능/모의고사 영어	132	132	0	0	0	2026-09-11	2026-09-12	워크북:132
2023 고1 모의고사 영어	92	92	11	36782	7	2024-10-28	2026-09-11	워크북:92
2023 고2 모의고사 영어	88	88	1	4000	1	2026-09-11	2026-09-11	워크북:88
2023 고3 수능/모의고사 영어	154	154	0	0	0	2026-09-11	2026-09-11	워크북:154
2024 고1 모의고사 영어	216	216	24767	3167977	40	2024-06-11	2026-09-26	변형문제:125/워크북:91/직보/파이널:4
2024 고2 모의고사 영어	204	203	12273	1670344	27	2024-09-09	2026-09-26	변형문제:112/워크북:92
2024 고3 수능/모의고사 영어	243	243	2	4058	1	2024-10-16	2026-09-26	변형문제:88/워크북:155
2025 고1 모의고사 국어	11	11	1	3000	1	2026-05-19	2026-05-19	작품분석:11
2025 고1 모의고사 영어	257	236	1261	629985	49	2025-04-24	2026-09-25	변형문제:169/워크북:88
2025 고2 모의고사 영어	219	219	5316	658595	39	2025-04-25	2026-09-25	변형문제:131/워크북:88
2025 고3 수능/모의고사 영어	176	176	0	0	0	2026-09-10	2026-09-25	변형문제:88/워크북:88
2026 고1 모의고사 영어	392	392	167	741458	94	2026-03-27	2026-09-24	변형문제:326/워크북:66
2026 고2 모의고사 영어	389	389	264	1012867	94	2026-04-06	2026-09-24	변형문제:323/워크북:66
2026 고3 수능/모의고사 영어	350	350	165	582497	35	2026-04-11	2026-09-24	변형문제:284/워크북:66
